{"cameraMode":{"drawMode":0,"name":"Shaded","section":"Shading Mode"},"sceneLighting":false,"audioPlay":false,"sceneViewState":{"showFog":true,"showMaterialUpdate":true,"showSkybox":false,"showFlares":true,"showImageEffects":true,"showParticleSystems":true},"in2DMode":false,"pivot":{"x":334.5013732910156,"y":227.52789306640626,"z":1.4949951171875},"rotation":{"x":-0.0038976639043539764,"y":-0.01590782031416893,"z":0.0000439368341176305,"w":-0.9998821020126343},"size":726.2362060546875,"orthographic":false}