{"cameraMode":{"drawMode":0,"name":"Shaded","section":"Shading Mode"},"sceneLighting":true,"audioPlay":false,"sceneViewState":{"showFog":true,"showMaterialUpdate":true,"showSkybox":false,"showFlares":true,"showImageEffects":true,"showParticleSystems":true},"in2DMode":false,"pivot":{"x":-0.4372999966144562,"y":0.07900000363588333,"z":-0.04800000041723251},"rotation":{"x":-0.10638381540775299,"y":-0.8139345049858093,"z":0.15771013498306275,"w":-0.5489755868911743},"size":0.4041658341884613,"orthographic":false}