{"cameraMode":{"drawMode":0,"name":"Shaded","section":"Shading Mode"},"sceneLighting":true,"audioPlay":false,"sceneViewState":{"showFog":true,"showMaterialUpdate":true,"showSkybox":true,"showFlares":true,"showImageEffects":true,"showParticleSystems":true},"in2DMode":false,"pivot":{"x":-5.784223556518555,"y":0.2133655548095703,"z":11.202280044555664},"rotation":{"x":0.2146589159965515,"y":0.6456197500228882,"z":-0.19598904252052308,"w":0.7063148617744446},"size":25.548322677612306,"orthographic":false}