{"cameraMode":{"drawMode":0,"name":"Shaded","section":"Shading Mode"},"sceneLighting":true,"audioPlay":false,"sceneViewState":{"showFog":true,"showMaterialUpdate":true,"showSkybox":true,"showFlares":true,"showImageEffects":true,"showParticleSystems":true},"in2DMode":false,"pivot":{"x":17.144460678100587,"y":-3.7932865619659426,"z":-1.8290534019470215},"rotation":{"x":0.06907332688570023,"y":0.7463337779045105,"z":-0.07804852724075318,"w":0.6575758457183838},"size":23.873943328857423,"orthographic":false}