{"cameraMode":{"drawMode":0,"name":"Shaded","section":"Shading Mode"},"sceneLighting":false,"audioPlay":false,"sceneViewState":{"showFog":true,"showMaterialUpdate":true,"showSkybox":false,"showFlares":true,"showImageEffects":true,"showParticleSystems":true},"in2DMode":false,"pivot":{"x":-0.6389689445495606,"y":1.0558772087097169,"z":-0.09333544969558716},"rotation":{"x":0.039030496031045917,"y":0.7228518724441528,"z":-0.04067818075418472,"w":0.6888399124145508},"size":4.142659664154053,"orthographic":false}