{"cameraMode":{"drawMode":0,"name":"Shaded","section":"Shading Mode"},"sceneLighting":false,"audioPlay":false,"sceneViewState":{"showFog":true,"showMaterialUpdate":true,"showSkybox":false,"showFlares":true,"showImageEffects":true,"showParticleSystems":true},"in2DMode":false,"pivot":{"x":-16.579551696777345,"y":1.6040000915527344,"z":10.055000305175782},"rotation":{"x":-0.1131613701581955,"y":-0.7759405970573425,"z":0.14552244544029237,"w":-0.6033142805099487},"size":4.589549541473389,"orthographic":false}