{"cameraMode":{"drawMode":0,"name":"Shaded","section":"Shading Mode"},"sceneLighting":false,"audioPlay":false,"sceneViewState":{"showFog":true,"showMaterialUpdate":true,"showSkybox":false,"showFlares":true,"showImageEffects":true,"showParticleSystems":true},"in2DMode":false,"pivot":{"x":-0.42900753021240237,"y":-0.14981138706207276,"z":0.27305206656455996},"rotation":{"x":0.24332812428474427,"y":0.6823952794075012,"z":-0.25979849696159365,"w":0.6386128664016724},"size":2.0426599979400636,"orthographic":false}