{"cameraMode":{"drawMode":0,"name":"Shaded","section":"Shading Mode"},"sceneLighting":false,"audioPlay":false,"sceneViewState":{"showFog":true,"showMaterialUpdate":true,"showSkybox":false,"showFlares":true,"showImageEffects":true,"showParticleSystems":true},"in2DMode":false,"pivot":{"x":952.1348876953125,"y":-107.97248077392578,"z":-30.00592613220215},"rotation":{"x":-0.03993263095617294,"y":-0.7226766347885132,"z":0.04187968000769615,"w":-0.6887803077697754},"size":2.8578836917877199,"orthographic":false}